{
  "IsEncrypted": false,
  "Values": {
    "AzureWebJobsStorage": "DefaultEndpointsProtocol=https;AccountName=titantech;AccountKey=64kL8CPtDb6S0e/95LP/Yx4wDFBAn3id3rWxzixDfWTGAVXwSi2qYYDk5eOb8bsqJXJldL2UVHbs+AStS3v7vw==;EndpointSuffix=core.windows.net",
    "STORAGE_CONNECTION": "DefaultEndpointsProtocol=https;AccountName=titantech;AccountKey=64kL8CPtDb6S0e/95LP/Yx4wDFBAn3id3rWxzixDfWTGAVXwSi2qYYDk5eOb8bsqJXJldL2UVHbs+AStS3v7vw==;EndpointSuffix=core.windows.net",

    "FUNCTIONS_WORKER_RUNTIME": "dotnet-isolated",

    "TABLE_CUSTOMER": "Customer",
    "TABLE_PRODUCT": "Product",
    "TABLE_ORDER": "Order",

    "BLOB_PRODUCT_IMAGES": "product-images",
    "BLOB_PAYMENT_PROOFS": "payment-proofs",

    "QUEUE_ORDER_NOTIFICATIONS": "order-notifications",
    "QUEUE_STOCK_UPDATES": "stock-updates",

    "FILESHARE_CONTRACTS": "contracts",
    "FILESHARE_DIR_PAYMENTS": "payments"
  }
}
